Block ID,Block Name,Closest Block ID 1,Closest Block ID 2,Closest Block ID 3,Closest Block ID 4,Block Latitude,Block Longitude,Block Turnout 2022 General,Block Turnout - 5 days ago,Block Turnout - 3 days ago,Block Turnout - Current,Registrar Phone Number,Closest Early Voting Location Title,Closest Early Voting Location Address,Closest Early Voting Location Hours,EV2 Location,EV2 Address,EV2 Hours,EV3 Location,EV3 Address,EV3 Hours,EV4 Location,EV4 Address,EV4 Hours,EV5 Location,EV5 Address,EV5 Hours,EV6 Location,EV6 Address,EV6 Hours
123,Tree St 1100-1200,124,125,128,129,33.7490,-84.3880,,8.1%,10.8%,10.9%,,Varina Library,"1875 New Market Road, Richmond","Sept 18 -  Nov 1
Mon - Fri 8am - 5pm
Sat 9/30 & 10/5 12pm-4pm
Sun 9/31 8am-4pm",,,,,,,,,,,,,,,
124,Hyde Ave 1400-1500,127,125,128,129,33.7492,-84.3880,,10.1%,10.5%,11.4%,,,,,,,,,,,,,,,,,,,
125,Elm St 400-500,124,129,128,127,33.7494,-84.3880,,8.7%,10.0%,10.8%,,,,,,,,,,,,,,,,,,,
126,Wallace St 100-200,124,125,128,129,33.7490,-84.3882,,7.2%,11.2%,12.1%,,,,,,,,,,,,,,,,,,,
127,Pine St 200-300,124,125,128,129,33.7492,-84.3882,,9.3%,9.5%,11.6%,,,,,,,,,,,,,,,,,,,
128,Pine St 700-800,124,125,127,129,33.7494,-84.3882,,8.4%,9.7%,10.5%,,,,,,,,,,,,,,,,,,,
129,Maple Ave 800-900,124,125,128,127,33.7490,-84.3884,,9.8%,11.0%,13.4%,,,,,,,,,,,,,,,,,,,